key,view,sample,score,hash,file,seed,sunElev,sunAz,massif,coverage,tone,quality,resolutionScale,temporalUpscale,jitter,shadowStep,drawingBuffer,glRenderer,camera
"A1","pilot","0","0.029980","d8d22fb6f74e13cc5f6e165817a7f9fc8258de77357204a8198fe2a01add4352","/tmp/clouds-preset-contact-metal-20260529-051122/raw/A1_pilot.png","64916","15","117","280","0.38","neutral","high","0.75","true","true","20","[3200,1800]","ANGLE (Apple, ANGLE Metal Renderer: Apple M1 Pro, Unspecified Version)","[-804.29,249.35,889.89]"
"A2","pilot","0","0.245884","19628740a820177a7e3384f91d5c520dbed6db079cd6a8c13e135c2917d06c85","/tmp/clouds-preset-contact-metal-20260529-051122/raw/A2_pilot.png","64916","17.5","117","280","0.38","neutral","high","0.75","true","false","100","[3200,1800]","ANGLE (Apple, ANGLE Metal Renderer: Apple M1 Pro, Unspecified Version)","[-624.09,188.23,593.96]"
"A3","pilot","0","0.041742","a4f95186e7798d9a762fa4e5a53e47d4d83e37e62616f37dad25f8deada382b9","/tmp/clouds-preset-contact-metal-20260529-051122/raw/A3_pilot.png","64916","14","-118","470","0.4","aces","high","0.75","true","false","100","[3200,1800]","ANGLE (Apple, ANGLE Metal Renderer: Apple M1 Pro, Unspecified Version)","[1030.63,233.55,-381.29]"
"A1","saved","1","0.031521","eba5107c8b351e2ee5a60cb17a07eb59d5217f755946705a13910b0007cd9b75","/tmp/clouds-preset-contact-metal-20260529-051122/raw/A1_s01.png","64916","15","117","280","0.38","neutral","high","0.75","true","true","20","[3200,1800]","ANGLE (Apple, ANGLE Metal Renderer: Apple M1 Pro, Unspecified Version)","[-804.29,249.35,889.89]"
"A1","saved","2","0.030241","08c1909052149596309654a286d0849fd693da6376a2c04606e1a19bbcca9c7c","/tmp/clouds-preset-contact-metal-20260529-051122/raw/A1_s02.png","64916","15","117","280","0.38","neutral","high","0.75","true","true","20","[3200,1800]","ANGLE (Apple, ANGLE Metal Renderer: Apple M1 Pro, Unspecified Version)","[-804.29,249.35,889.89]"
"A1","saved","3","0.028132","d3cfd4671de77736e244947a062d21dd147af3f0bbd2b5cebd34416b896ca785","/tmp/clouds-preset-contact-metal-20260529-051122/raw/A1_s03.png","64916","15","117","280","0.38","neutral","high","0.75","true","true","20","[3200,1800]","ANGLE (Apple, ANGLE Metal Renderer: Apple M1 Pro, Unspecified Version)","[-804.29,249.35,889.89]"
"A1","wide","1","0.021192","899eed775ecc83f23370f731b53e1ed57c1aa230b320efb44f3a55d107bc9558","/tmp/clouds-preset-contact-metal-20260529-051122/raw/A1_wide.png","64916","15","117","280","0.38","neutral","high","0.75","true","true","20","[3200,1800]","ANGLE (Apple, ANGLE Metal Renderer: Apple M1 Pro, Unspecified Version)","[-1284.59,592.53,1700.22]"
"A2","saved","1","0.254362","c7473a122a373d6ff1b8f0fcb10e62dc2766e00aff7a2c383d5fdf5bd0bd2ce8","/tmp/clouds-preset-contact-metal-20260529-051122/raw/A2_s01.png","64916","17.5","117","280","0.38","neutral","high","0.75","true","false","100","[3200,1800]","ANGLE (Apple, ANGLE Metal Renderer: Apple M1 Pro, Unspecified Version)","[-624.09,188.23,593.96]"
"A2","saved","2","0.300827","6dafc9ad7760cbe810f580e9f09acb8aad1aa9c20b4dbe408a183ee2296262ba","/tmp/clouds-preset-contact-metal-20260529-051122/raw/A2_s02.png","64916","17.5","117","280","0.38","neutral","high","0.75","true","false","100","[3200,1800]","ANGLE (Apple, ANGLE Metal Renderer: Apple M1 Pro, Unspecified Version)","[-624.09,188.23,593.96]"
"A2","saved","3","0.107193","99de5c28adb0f901d6eefdd8e8e1292d1ad9c10e0d9a38213bd80d225454f0f4","/tmp/clouds-preset-contact-metal-20260529-051122/raw/A2_s03.png","64916","17.5","117","280","0.38","neutral","high","0.75","true","false","100","[3200,1800]","ANGLE (Apple, ANGLE Metal Renderer: Apple M1 Pro, Unspecified Version)","[-624.09,188.23,593.96]"
"A2","wide","1","0.015467","36b753dc45c48ba5572c38b4ee1e7710a3d97b2b9692c6bd19460697e6af2054","/tmp/clouds-preset-contact-metal-20260529-051122/raw/A2_wide.png","64916","17.5","117","280","0.38","neutral","high","0.75","true","false","100","[3200,1800]","ANGLE (Apple, ANGLE Metal Renderer: Apple M1 Pro, Unspecified Version)","[-1372.42,571.87,1155.86]"
"A3","saved","1","0.041753","c158a3da9ed499b4df7fcdcb7ff7cef8454745f18443ccda3cc89fbb1dc9fc8f","/tmp/clouds-preset-contact-metal-20260529-051122/raw/A3_s01.png","64916","14","-118","470","0.4","aces","high","0.75","true","false","100","[3200,1800]","ANGLE (Apple, ANGLE Metal Renderer: Apple M1 Pro, Unspecified Version)","[1030.63,233.55,-381.29]"
"A3","saved","2","0.042314","4ce80d9ff1b31f13ab80cf21fb782ad7bf47c90c23c4c1e2f8d260f1fef2bd0a","/tmp/clouds-preset-contact-metal-20260529-051122/raw/A3_s02.png","64916","14","-118","470","0.4","aces","high","0.75","true","false","100","[3200,1800]","ANGLE (Apple, ANGLE Metal Renderer: Apple M1 Pro, Unspecified Version)","[1030.63,233.55,-381.29]"
"A3","saved","3","0.040670","2136bf09133ac26dd130af52584259521d370a41fcc78b8ab3833210dbaaf31e","/tmp/clouds-preset-contact-metal-20260529-051122/raw/A3_s03.png","64916","14","-118","470","0.4","aces","high","0.75","true","false","100","[3200,1800]","ANGLE (Apple, ANGLE Metal Renderer: Apple M1 Pro, Unspecified Version)","[1030.63,233.55,-381.29]"
"A3","wide","1","0.045420","910225cff6d4b0a22f6b8f8d12118f3c2bc20a70edd3e70ccef09487b46b768a","/tmp/clouds-preset-contact-metal-20260529-051122/raw/A3_wide.png","64916","14","-118","470","0.4","aces","high","0.75","true","false","100","[3200,1800]","ANGLE (Apple, ANGLE Metal Renderer: Apple M1 Pro, Unspecified Version)","[1961.49,599.15,-502.98]"
"A4","saved","1","0.028181","f88383e63a1a0b822e7bdfb57528708f5f7574850b298a7c224096317d93bfd2","/tmp/clouds-preset-contact-metal-20260529-051122/raw/A4_s01.png","64916","14","-118","470","0.4","aces","high","0.75","true","false","100","[3200,1800]","ANGLE (Apple, ANGLE Metal Renderer: Apple M1 Pro, Unspecified Version)","[980.57,434.36,-632.78]"
"A4","saved","2","0.028277","a2f9f7dce21a47e5bbb25e19f5f3997bc4c176063152d9ce32edfd6f35a28b69","/tmp/clouds-preset-contact-metal-20260529-051122/raw/A4_s02.png","64916","14","-118","470","0.4","aces","high","0.75","true","false","100","[3200,1800]","ANGLE (Apple, ANGLE Metal Renderer: Apple M1 Pro, Unspecified Version)","[980.57,434.36,-632.78]"
"A4","saved","3","0.028147","6ffa82cbf3afe669d203808b0d3a701865591b17fd38bb4a3284acbc50587ddd","/tmp/clouds-preset-contact-metal-20260529-051122/raw/A4_s03.png","64916","14","-118","470","0.4","aces","high","0.75","true","false","100","[3200,1800]","ANGLE (Apple, ANGLE Metal Renderer: Apple M1 Pro, Unspecified Version)","[980.57,434.36,-632.78]"
"A4","wide","1","0.036197","dc8a2a85b4ec0bc6d8c83f22868bc9f81816f2eff1354dd8139bb93d65305c9f","/tmp/clouds-preset-contact-metal-20260529-051122/raw/A4_wide.png","64916","14","-118","470","0.4","aces","high","0.75","true","false","100","[3200,1800]","ANGLE (Apple, ANGLE Metal Renderer: Apple M1 Pro, Unspecified Version)","[1782.15,1043.72,-961.96]"
"A5","saved","1","0.043568","7c718799fd3dc5332e92da4c4c7449e070f9874435d30da855929428dfdea013","/tmp/clouds-preset-contact-metal-20260529-051122/raw/A5_s01.png","64916","9.5","-118","470","0.4","aces","high","0.75","true","false","100","[3200,1800]","ANGLE (Apple, ANGLE Metal Renderer: Apple M1 Pro, Unspecified Version)","[-685.88,408.77,1084.27]"
"A5","saved","2","0.047346","70c86e1a3777ed824234640f2b490cfaad34828e968e7179932fd040a96c5075","/tmp/clouds-preset-contact-metal-20260529-051122/raw/A5_s02.png","64916","9.5","-118","470","0.4","aces","high","0.75","true","false","100","[3200,1800]","ANGLE (Apple, ANGLE Metal Renderer: Apple M1 Pro, Unspecified Version)","[-685.88,408.77,1084.27]"
"A5","saved","3","0.044035","2aba04ca38416275b044bd5c37e2f4637c8319445061d311e41f89b87e3617c8","/tmp/clouds-preset-contact-metal-20260529-051122/raw/A5_s03.png","64916","9.5","-118","470","0.4","aces","high","0.75","true","false","100","[3200,1800]","ANGLE (Apple, ANGLE Metal Renderer: Apple M1 Pro, Unspecified Version)","[-685.88,408.77,1084.27]"
"A5","wide","1","0.038881","c2f32b265e417b1d9444eb1fafab03c2d3bd0fdac660d43a095b9d362fb8bf7e","/tmp/clouds-preset-contact-metal-20260529-051122/raw/A5_wide.png","64916","9.5","-118","470","0.4","aces","high","0.75","true","false","100","[3200,1800]","ANGLE (Apple, ANGLE Metal Renderer: Apple M1 Pro, Unspecified Version)","[-1013.88,907.56,1931.14]"
"A6","saved","1","0.041411","fcc73e69b810101f7d3157b1fd1dd6d6947f27899013bb4e8e827e7cbae79808","/tmp/clouds-preset-contact-metal-20260529-051122/raw/A6_s01.png","64916","12","117","280","0.35","aces","high","0.75","true","false","100","[3200,1800]","ANGLE (Apple, ANGLE Metal Renderer: Apple M1 Pro, Unspecified Version)","[310.41,348.26,1093.71]"
"A6","saved","2","0.038554","ec7218e1cf441d95e48cfbe6f323d9661b289b85f20f4cbb2d366a8284650f16","/tmp/clouds-preset-contact-metal-20260529-051122/raw/A6_s02.png","64916","12","117","280","0.35","aces","high","0.75","true","false","100","[3200,1800]","ANGLE (Apple, ANGLE Metal Renderer: Apple M1 Pro, Unspecified Version)","[310.41,348.26,1093.71]"
"A6","saved","3","0.038764","3c71a1a2911cd34af6547d676d096b8d6712326da9c6420091dfba2b17a5f8f1","/tmp/clouds-preset-contact-metal-20260529-051122/raw/A6_s03.png","64916","12","117","280","0.35","aces","high","0.75","true","false","100","[3200,1800]","ANGLE (Apple, ANGLE Metal Renderer: Apple M1 Pro, Unspecified Version)","[310.41,348.26,1093.71]"
"A6","wide","1","0.049053","0e4c13e75ed36aa85fb96cffda7d9fa64e1d2e900c395e77b4af8a9db4466381","/tmp/clouds-preset-contact-metal-20260529-051122/raw/A6_wide.png","64916","12","117","280","0.35","aces","high","0.75","true","false","100","[3200,1800]","ANGLE (Apple, ANGLE Metal Renderer: Apple M1 Pro, Unspecified Version)","[638.56,715.52,1972.99]"
"A7","saved","1","0.042130","cbdd5679a907256334eef38ea551e973c8db7e52a3ef2c2213af175ef2a88b06","/tmp/clouds-preset-contact-metal-20260529-051122/raw/A7_s01.png","34479","9.5","-133","360","0.4","aces","high","0.75","true","false","100","[3200,1800]","ANGLE (Apple, ANGLE Metal Renderer: Apple M1 Pro, Unspecified Version)","[-878.83,176.17,-480.09]"
"A7","saved","2","0.030415","55483fd5cf2104df2c0eb6802ce2c04dde583e30dc651f0e7f9c374ca0b8afbf","/tmp/clouds-preset-contact-metal-20260529-051122/raw/A7_s02.png","34479","9.5","-133","360","0.4","aces","high","0.75","true","false","100","[3200,1800]","ANGLE (Apple, ANGLE Metal Renderer: Apple M1 Pro, Unspecified Version)","[-878.83,176.17,-480.09]"
"A7","saved","3","0.030547","0c7a95d84ca10a9bb94775f243e71bbc615d5bb692e073a452e73d2fc040d765","/tmp/clouds-preset-contact-metal-20260529-051122/raw/A7_s03.png","34479","9.5","-133","360","0.4","aces","high","0.75","true","false","100","[3200,1800]","ANGLE (Apple, ANGLE Metal Renderer: Apple M1 Pro, Unspecified Version)","[-878.83,176.17,-480.09]"
"A7","wide","1","0.039025","68df7c100afec710357cf40514b29d39b4c7b29d94d79aaa7e7463859dc958ac","/tmp/clouds-preset-contact-metal-20260529-051122/raw/A7_wide.png","34479","9.5","-133","360","0.4","aces","high","0.75","true","false","100","[3200,1800]","ANGLE (Apple, ANGLE Metal Renderer: Apple M1 Pro, Unspecified Version)","[-1732.61,581.84,-853.03]"
"B1","saved","1","0.030685","3405483e20b1832f5f2e0f5f0382f59cae74266f5289481100e18d893a1e79a3","/tmp/clouds-preset-contact-metal-20260529-051122/raw/B1_s01.png","40625","38.702030171452705","174.93692260347592","200","0.4","aces","high","0.75","true","false","100","[3200,1800]","ANGLE (Apple, ANGLE Metal Renderer: Apple M1 Pro, Unspecified Version)","[179.49,229.6,565.97]"
"B1","saved","2","0.031201","d5d628150bfc900f18e911e4c051539f3f1fe337c702d75a82eb0798b7a29274","/tmp/clouds-preset-contact-metal-20260529-051122/raw/B1_s02.png","40625","38.702030171452705","174.93692260347592","200","0.4","aces","high","0.75","true","false","100","[3200,1800]","ANGLE (Apple, ANGLE Metal Renderer: Apple M1 Pro, Unspecified Version)","[179.49,229.6,565.97]"
"B1","saved","3","0.030742","ea8e80d69274d69f1cdec5f3b9d66d8b686e705c59b6fc4465faf89487670560","/tmp/clouds-preset-contact-metal-20260529-051122/raw/B1_s03.png","40625","38.702030171452705","174.93692260347592","200","0.4","aces","high","0.75","true","false","100","[3200,1800]","ANGLE (Apple, ANGLE Metal Renderer: Apple M1 Pro, Unspecified Version)","[179.49,229.6,565.97]"
"B1","wide","1","0.030886","0c52fe26e56d0286916f625634538e63843b450debd96fe1da466a85d21ba02e","/tmp/clouds-preset-contact-metal-20260529-051122/raw/B1_wide.png","40625","38.702030171452705","174.93692260347592","200","0.4","aces","high","0.75","true","false","100","[3200,1800]","ANGLE (Apple, ANGLE Metal Renderer: Apple M1 Pro, Unspecified Version)","[223.71,673.66,1488.11]"
"B2","saved","1","0.066867","c193645b64b2b75c3c9cb1b6b5d4a66060b6c73ceb36de03c6429e7514ff22dc","/tmp/clouds-preset-contact-metal-20260529-051122/raw/B2_s01.png","14074","10.133404620809934","-159.589483794465","97.66824773411881","0.4","aces","high","0.75","true","false","100","[3200,1800]","ANGLE (Apple, ANGLE Metal Renderer: Apple M1 Pro, Unspecified Version)","[1796,205.78,1693.52]"
"B2","saved","2","0.065856","0cc4af9789f0ce9cdd6a0fb4f29612b2227d56baaf10e0af07a082b517d212c5","/tmp/clouds-preset-contact-metal-20260529-051122/raw/B2_s02.png","14074","10.133404620809934","-159.589483794465","97.66824773411881","0.4","aces","high","0.75","true","false","100","[3200,1800]","ANGLE (Apple, ANGLE Metal Renderer: Apple M1 Pro, Unspecified Version)","[1796,205.78,1693.52]"
"B2","saved","3","0.058127","8f6216148f3406dc7b75c226acb36f3ba9dfa31b44a13908856df64f3ffce4dd","/tmp/clouds-preset-contact-metal-20260529-051122/raw/B2_s03.png","14074","10.133404620809934","-159.589483794465","97.66824773411881","0.4","aces","high","0.75","true","false","100","[3200,1800]","ANGLE (Apple, ANGLE Metal Renderer: Apple M1 Pro, Unspecified Version)","[1796,205.78,1693.52]"
"B2","wide","1","0.049048","c38cf9122b72e94aed013c54539c8da1a34759abfadd61469abd258aa2e5a6d1","/tmp/clouds-preset-contact-metal-20260529-051122/raw/B2_wide.png","14074","10.133404620809934","-159.589483794465","97.66824773411881","0.4","aces","high","0.75","true","false","100","[3200,1800]","ANGLE (Apple, ANGLE Metal Renderer: Apple M1 Pro, Unspecified Version)","[2541.29,417.15,2282.56]"
"B3","saved","1","0.035045","3c5580c0f9fbb6edd43b75f17b7480a57c0612d5a1a2471daa05b6745a6f3191","/tmp/clouds-preset-contact-metal-20260529-051122/raw/B3_s01.png","14074","47.5","-63","97.66824773411881","0.4","aces","high","0.75","true","false","100","[3200,1800]","ANGLE (Apple, ANGLE Metal Renderer: Apple M1 Pro, Unspecified Version)","[889.23,488.88,-39.9]"
"B3","saved","2","0.040357","6e2981b92e3e8c6ba584c0ec1d5103c889a2fcf552dc229859474a856c4a897e","/tmp/clouds-preset-contact-metal-20260529-051122/raw/B3_s02.png","14074","47.5","-63","97.66824773411881","0.4","aces","high","0.75","true","false","100","[3200,1800]","ANGLE (Apple, ANGLE Metal Renderer: Apple M1 Pro, Unspecified Version)","[889.23,488.88,-39.9]"
"B3","saved","3","0.032039","bd240477e1012583db761e1854a9450ce0445c51afc5dc3aaa8a29f0bdebca3e","/tmp/clouds-preset-contact-metal-20260529-051122/raw/B3_s03.png","14074","47.5","-63","97.66824773411881","0.4","aces","high","0.75","true","false","100","[3200,1800]","ANGLE (Apple, ANGLE Metal Renderer: Apple M1 Pro, Unspecified Version)","[889.23,488.88,-39.9]"
"B3","wide","1","0.058355","75f8e8d166bd3c1af8300eded441ed50f341c995d8803c6dd0315adfd2c43ba5","/tmp/clouds-preset-contact-metal-20260529-051122/raw/B3_wide.png","14074","47.5","-63","97.66824773411881","0.4","aces","high","0.75","true","false","100","[3200,1800]","ANGLE (Apple, ANGLE Metal Renderer: Apple M1 Pro, Unspecified Version)","[1591.53,1346.61,-90.67]"
"B4","saved","1","0.039362","c4ea9f69e5be21d3b85e5ceff9ebc57c086782084caae5dfc0b4600216893d07","/tmp/clouds-preset-contact-metal-20260529-051122/raw/B4_s01.png","14074","10.133404620809934","-159.589483794465","97.66824773411881","0.4","aces","high","0.75","true","false","100","[3200,1800]","ANGLE (Apple, ANGLE Metal Renderer: Apple M1 Pro, Unspecified Version)","[855.75,217.05,259.5]"
"B4","saved","2","0.040725","f86e7f792e5be157452ad9e2f11b937b84b48c9d7e985f168078a0df1c5311a7","/tmp/clouds-preset-contact-metal-20260529-051122/raw/B4_s02.png","14074","10.133404620809934","-159.589483794465","97.66824773411881","0.4","aces","high","0.75","true","false","100","[3200,1800]","ANGLE (Apple, ANGLE Metal Renderer: Apple M1 Pro, Unspecified Version)","[855.75,217.05,259.5]"
"B4","saved","3","0.038872","0d748b3de6a18933c93e68bc5d8bc313a89365f6d5775eca7a9e08c841854bfc","/tmp/clouds-preset-contact-metal-20260529-051122/raw/B4_s03.png","14074","10.133404620809934","-159.589483794465","97.66824773411881","0.4","aces","high","0.75","true","false","100","[3200,1800]","ANGLE (Apple, ANGLE Metal Renderer: Apple M1 Pro, Unspecified Version)","[855.75,217.05,259.5]"
"B4","wide","1","0.040096","08cccbf38afac2c7ecdbd5f92155666581aaff91533edbcdf26aab0bd5772dd6","/tmp/clouds-preset-contact-metal-20260529-051122/raw/B4_wide.png","14074","10.133404620809934","-159.589483794465","97.66824773411881","0.4","aces","high","0.75","true","false","100","[3200,1800]","ANGLE (Apple, ANGLE Metal Renderer: Apple M1 Pro, Unspecified Version)","[1600.59,758.99,753.54]"
"B5","saved","1","0.039538","8c5a674f0589a391e6f3ba86d340ef791222cf7322f824dc312b76044f090a20","/tmp/clouds-preset-contact-metal-20260529-051122/raw/B5_s01.png","40625","9","174.93692260347592","200","0.4","aces","high","0.75","true","false","100","[3200,1800]","ANGLE (Apple, ANGLE Metal Renderer: Apple M1 Pro, Unspecified Version)","[179.19,277.45,762.64]"
"B5","saved","2","0.046933","bfdf08ac923ab6e53e223893d3310e7e146fc6bc286dc3cc2e03be88dfd00b6e","/tmp/clouds-preset-contact-metal-20260529-051122/raw/B5_s02.png","40625","9","174.93692260347592","200","0.4","aces","high","0.75","true","false","100","[3200,1800]","ANGLE (Apple, ANGLE Metal Renderer: Apple M1 Pro, Unspecified Version)","[179.19,277.45,762.64]"
"B5","saved","3","0.042226","11035b16743f215d607e867017d3c0b183dcc3dcf8c53db5ea6d1389d5a8b8c0","/tmp/clouds-preset-contact-metal-20260529-051122/raw/B5_s03.png","40625","9","174.93692260347592","200","0.4","aces","high","0.75","true","false","100","[3200,1800]","ANGLE (Apple, ANGLE Metal Renderer: Apple M1 Pro, Unspecified Version)","[179.19,277.45,762.64]"
"B5","wide","1","0.035054","31d5c9e69e7c1168c30f12fb93fc51b52b81bd9bf098a6076cfce350d34a6c6f","/tmp/clouds-preset-contact-metal-20260529-051122/raw/B5_wide.png","40625","9","174.93692260347592","200","0.4","aces","high","0.75","true","false","100","[3200,1800]","ANGLE (Apple, ANGLE Metal Renderer: Apple M1 Pro, Unspecified Version)","[357.88,696.45,1674.21]"
"B6","saved","1","0.057755","44933e574c397b56af00c5c9ae1a5e053e183e7820e2bbc55e27c369ca0d2a8a","/tmp/clouds-preset-contact-metal-20260529-051122/raw/B6_s01.png","14074","10.133404620809934","-159.589483794465","230","0.4","aces","high","0.75","true","false","100","[3200,1800]","ANGLE (Apple, ANGLE Metal Renderer: Apple M1 Pro, Unspecified Version)","[669.71,437.17,154.87]"
"B6","saved","2","0.063703","45b83723b43f94aa46182f2490d3f00959934698ed9f09c106806ec5923e4a43","/tmp/clouds-preset-contact-metal-20260529-051122/raw/B6_s02.png","14074","10.133404620809934","-159.589483794465","230","0.4","aces","high","0.75","true","false","100","[3200,1800]","ANGLE (Apple, ANGLE Metal Renderer: Apple M1 Pro, Unspecified Version)","[669.71,437.17,154.87]"
"B6","saved","3","0.059015","b1072b274cc7a5baa3f39a46dab6c1d6606442657a71d4e09266f198e90fbd3f","/tmp/clouds-preset-contact-metal-20260529-051122/raw/B6_s03.png","14074","10.133404620809934","-159.589483794465","230","0.4","aces","high","0.75","true","false","100","[3200,1800]","ANGLE (Apple, ANGLE Metal Renderer: Apple M1 Pro, Unspecified Version)","[669.71,437.17,154.87]"
"B6","wide","1","0.042384","283439500e9e12ff0494728eacd1308d897f612b78584379fce0ce1a8d3c7042","/tmp/clouds-preset-contact-metal-20260529-051122/raw/B6_wide.png","14074","10.133404620809934","-159.589483794465","230","0.4","aces","high","0.75","true","false","100","[3200,1800]","ANGLE (Apple, ANGLE Metal Renderer: Apple M1 Pro, Unspecified Version)","[1526.67,838.05,522.82]"
"B7","saved","1","0.027026","05fe0d9e429d3e451941ad165bf8b126a800ac93b5c0a3318df0d23bae4bd12e","/tmp/clouds-preset-contact-metal-20260529-051122/raw/B7_s01.png","24196","5","68","240","0.4","aces","high","0.75","true","false","100","[3200,1800]","ANGLE (Apple, ANGLE Metal Renderer: Apple M1 Pro, Unspecified Version)","[-388.5,103.09,-44.67]"
"B7","saved","2","0.024580","385fe3dfb363dbca85b2168e61c9257d66c861dc826d270c8bddad461eeba0d0","/tmp/clouds-preset-contact-metal-20260529-051122/raw/B7_s02.png","24196","5","68","240","0.4","aces","high","0.75","true","false","100","[3200,1800]","ANGLE (Apple, ANGLE Metal Renderer: Apple M1 Pro, Unspecified Version)","[-388.5,103.09,-44.67]"
"B7","saved","3","0.024327","ec9e6f4fab336a71f4692d783ea5f04ef57a13a81c0778a2d405743ee4572e29","/tmp/clouds-preset-contact-metal-20260529-051122/raw/B7_s03.png","24196","5","68","240","0.4","aces","high","0.75","true","false","100","[3200,1800]","ANGLE (Apple, ANGLE Metal Renderer: Apple M1 Pro, Unspecified Version)","[-388.5,103.09,-44.67]"
"B7","wide","1","0.092672","38307586965bec8de7007941b750a6974fde8ed54d18332b9c06afd9214ac658","/tmp/clouds-preset-contact-metal-20260529-051122/raw/B7_wide.png","24196","5","68","240","0.4","aces","high","0.75","true","false","100","[3200,1800]","ANGLE (Apple, ANGLE Metal Renderer: Apple M1 Pro, Unspecified Version)","[-1151.67,131.41,-576.96]"
"C1","saved","1","0.393789","1ce847766ead7e7200baabaee9ea2745c6a7b5f0e17d8c9bf0a66bb74cfacf4a","/tmp/clouds-preset-contact-metal-20260529-051122/raw/C1_s01.png","21155","1.5","-47","470","0.4","aces","high","0.75","true","false","100","[3200,1800]","ANGLE (Apple, ANGLE Metal Renderer: Apple M1 Pro, Unspecified Version)","[-334.2,514.25,-608.7]"
"C1","saved","2","0.450909","b9ae5cfcd8c3eb79d16cb40cd380ac3824b789b2b851b156e8e50ad4fd1d597d","/tmp/clouds-preset-contact-metal-20260529-051122/raw/C1_s02.png","21155","1.5","-47","470","0.4","aces","high","0.75","true","false","100","[3200,1800]","ANGLE (Apple, ANGLE Metal Renderer: Apple M1 Pro, Unspecified Version)","[-334.2,514.25,-608.7]"
"C1","saved","3","0.399753","de2a6341b07428f723e2431903727cdd24fb0edbf4a70be30b0f5a23220e85e8","/tmp/clouds-preset-contact-metal-20260529-051122/raw/C1_s03.png","21155","1.5","-47","470","0.4","aces","high","0.75","true","false","100","[3200,1800]","ANGLE (Apple, ANGLE Metal Renderer: Apple M1 Pro, Unspecified Version)","[-334.2,514.25,-608.7]"
"C1","wide","1","0.078356","b12960aacb5e4e86ea83cfbea8030d201b29b225653c6814e2bef3470aab9ad9","/tmp/clouds-preset-contact-metal-20260529-051122/raw/C1_wide.png","21155","1.5","-47","470","0.4","aces","high","0.75","true","false","100","[3200,1800]","ANGLE (Apple, ANGLE Metal Renderer: Apple M1 Pro, Unspecified Version)","[-1282.11,796.72,-615.67]"
"C2","saved","1","0.064247","d4287cc134503d15e874613e6a638930d7ec563b9d2f5b04bcb39554cfd7e78f","/tmp/clouds-preset-contact-metal-20260529-051122/raw/C2_s01.png","54203","10.133404620809934","-159.589483794465","10","0.4","aces","high","0.75","true","false","100","[3200,1800]","ANGLE (Apple, ANGLE Metal Renderer: Apple M1 Pro, Unspecified Version)","[1241.66,229.08,507.51]"
"C2","saved","2","0.067212","1fcb05508feaa76fd831a7805ef3e1ebac5e48c16b2ace302ff6cd417d63eb31","/tmp/clouds-preset-contact-metal-20260529-051122/raw/C2_s02.png","54203","10.133404620809934","-159.589483794465","10","0.4","aces","high","0.75","true","false","100","[3200,1800]","ANGLE (Apple, ANGLE Metal Renderer: Apple M1 Pro, Unspecified Version)","[1241.66,229.08,507.51]"
"C2","saved","3","0.063740","642ff1bb73b2f2ef58cd8cef33d3b255d7998985a6c618aa85574f51b767c7f1","/tmp/clouds-preset-contact-metal-20260529-051122/raw/C2_s03.png","54203","10.133404620809934","-159.589483794465","10","0.4","aces","high","0.75","true","false","100","[3200,1800]","ANGLE (Apple, ANGLE Metal Renderer: Apple M1 Pro, Unspecified Version)","[1241.66,229.08,507.51]"
"C2","wide","1","0.057292","f1d92b73ddc563da7a05f4172438df6a305f7bf5b73f6f05c0d4bfdf66451475","/tmp/clouds-preset-contact-metal-20260529-051122/raw/C2_wide.png","54203","10.133404620809934","-159.589483794465","10","0.4","aces","high","0.75","true","false","100","[3200,1800]","ANGLE (Apple, ANGLE Metal Renderer: Apple M1 Pro, Unspecified Version)","[2150.61,595.69,741.63]"
"C3","saved","1","0.048016","9f95195394269ba036e05d258e140d5be3d5bb87c92f6c04fc23e02dcfd32b2f","/tmp/clouds-preset-contact-metal-20260529-051122/raw/C3_s01.png","64916","9.5","-118","470","0.4","aces","high","0.75","true","false","100","[3200,1800]","ANGLE (Apple, ANGLE Metal Renderer: Apple M1 Pro, Unspecified Version)","[-881.13,335.65,901.14]"
"C3","saved","2","0.049658","af8fd20af7fe5fdc369cbc90a7deb08e46b62d67f1b943514a22d959f6ea6af1","/tmp/clouds-preset-contact-metal-20260529-051122/raw/C3_s02.png","64916","9.5","-118","470","0.4","aces","high","0.75","true","false","100","[3200,1800]","ANGLE (Apple, ANGLE Metal Renderer: Apple M1 Pro, Unspecified Version)","[-881.13,335.65,901.14]"
"C3","saved","3","0.045869","0592fac51b2e1221d82f763f0951502bf1b49853f52ae38a5fee1008907c463c","/tmp/clouds-preset-contact-metal-20260529-051122/raw/C3_s03.png","64916","9.5","-118","470","0.4","aces","high","0.75","true","false","100","[3200,1800]","ANGLE (Apple, ANGLE Metal Renderer: Apple M1 Pro, Unspecified Version)","[-881.13,335.65,901.14]"
"C3","wide","1","0.047501","221d1bf4a86c44be4ac8518d9218c0c11030fc1ec805d4d28efac65978fb9e54","/tmp/clouds-preset-contact-metal-20260529-051122/raw/C3_wide.png","64916","9.5","-118","470","0.4","aces","high","0.75","true","false","100","[3200,1800]","ANGLE (Apple, ANGLE Metal Renderer: Apple M1 Pro, Unspecified Version)","[-1366.75,739.83,1696.59]"
"C4","saved","1","0.398369","d86c359807ac457d8920f5cd19bca34a809af08cc2e49021a78b489355a32141","/tmp/clouds-preset-contact-metal-20260529-051122/raw/C4_s01.png","21155","1.5","-47","470","0.4","aces","high","0.75","true","false","100","[3200,1800]","ANGLE (Apple, ANGLE Metal Renderer: Apple M1 Pro, Unspecified Version)","[-334.2,514.25,-608.7]"
"C4","saved","2","0.448027","b1a543bc409bc3672bf2faca6b01d75aae694aca5d148bfa2c83962719308d93","/tmp/clouds-preset-contact-metal-20260529-051122/raw/C4_s02.png","21155","1.5","-47","470","0.4","aces","high","0.75","true","false","100","[3200,1800]","ANGLE (Apple, ANGLE Metal Renderer: Apple M1 Pro, Unspecified Version)","[-334.2,514.25,-608.7]"
"C4","saved","3","0.395719","17b7b6acbc0d21f46a6a5413767b13061305d1ab2966fa3f4e385c82e2cc7e6c","/tmp/clouds-preset-contact-metal-20260529-051122/raw/C4_s03.png","21155","1.5","-47","470","0.4","aces","high","0.75","true","false","100","[3200,1800]","ANGLE (Apple, ANGLE Metal Renderer: Apple M1 Pro, Unspecified Version)","[-334.2,514.25,-608.7]"
"C4","wide","1","0.078402","2d7f537c4f89910da5554f8caec4ebd8954ff35ffb0dbbf059e03829a9ecdb07","/tmp/clouds-preset-contact-metal-20260529-051122/raw/C4_wide.png","21155","1.5","-47","470","0.4","aces","high","0.75","true","false","100","[3200,1800]","ANGLE (Apple, ANGLE Metal Renderer: Apple M1 Pro, Unspecified Version)","[-1282.11,796.72,-615.67]"
"C5","saved","1","0.035206","d59ce36dd4074b64dccb60c25892a077f72bf0d6dae7892a583cbabedcc4134a","/tmp/clouds-preset-contact-metal-20260529-051122/raw/C5_s01.png","64916","9.5","-151","470","0.4","aces","high","0.75","true","false","100","[3200,1800]","ANGLE (Apple, ANGLE Metal Renderer: Apple M1 Pro, Unspecified Version)","[-699.61,299.78,1499.68]"
"C5","saved","2","0.047643","9a8c18a169abe434069a8468b56f969ca986d57dab46fe892c96fcdfc126b94c","/tmp/clouds-preset-contact-metal-20260529-051122/raw/C5_s02.png","64916","9.5","-151","470","0.4","aces","high","0.75","true","false","100","[3200,1800]","ANGLE (Apple, ANGLE Metal Renderer: Apple M1 Pro, Unspecified Version)","[-699.61,299.78,1499.68]"
"C5","saved","3","0.035939","7ff0b679bdf85ef96c62fdad4450b98da7fb6706b6859c48ef94d59274f8d73c","/tmp/clouds-preset-contact-metal-20260529-051122/raw/C5_s03.png","64916","9.5","-151","470","0.4","aces","high","0.75","true","false","100","[3200,1800]","ANGLE (Apple, ANGLE Metal Renderer: Apple M1 Pro, Unspecified Version)","[-699.61,299.78,1499.68]"
"C5","wide","1","0.036047","898834ff9b9c90741cbdbc47d5942c251d07639b05c8757f537c8522e712fabe","/tmp/clouds-preset-contact-metal-20260529-051122/raw/C5_wide.png","64916","9.5","-151","470","0.4","aces","high","0.75","true","false","100","[3200,1800]","ANGLE (Apple, ANGLE Metal Renderer: Apple M1 Pro, Unspecified Version)","[-943.23,563.73,2416.86]"
"C6","saved","1","0.331008","d9499b26eb64d2638837f2b0f2674e73fe189e4616d82e5495b196e9bf9b8236","/tmp/clouds-preset-contact-metal-20260529-051122/raw/C6_s01.png","21155","-1.5","-113","470","0.4","aces","high","0.75","true","false","100","[3200,1800]","ANGLE (Apple, ANGLE Metal Renderer: Apple M1 Pro, Unspecified Version)","[-168.75,241.51,383.95]"
"C6","saved","2","0.409712","9db4b2c573a67757ed67df5a6c30b3d3fb1b89b7f82d9cdb0f754ea7077e80ca","/tmp/clouds-preset-contact-metal-20260529-051122/raw/C6_s02.png","21155","-1.5","-113","470","0.4","aces","high","0.75","true","false","100","[3200,1800]","ANGLE (Apple, ANGLE Metal Renderer: Apple M1 Pro, Unspecified Version)","[-168.75,241.51,383.95]"
"C6","saved","3","0.203019","1357957bd906aa35ee45f54b464a9a0e3baa7acba6d3bf420d525bec9cb98ebe","/tmp/clouds-preset-contact-metal-20260529-051122/raw/C6_s03.png","21155","-1.5","-113","470","0.4","aces","high","0.75","true","false","100","[3200,1800]","ANGLE (Apple, ANGLE Metal Renderer: Apple M1 Pro, Unspecified Version)","[-168.75,241.51,383.95]"
"C6","wide","1","0.174423","fb2917e55fd26f8445015198a9122a1e7658dafaca557e417b62158039a26dec","/tmp/clouds-preset-contact-metal-20260529-051122/raw/C6_wide.png","21155","-1.5","-113","470","0.4","aces","high","0.75","true","false","100","[3200,1800]","ANGLE (Apple, ANGLE Metal Renderer: Apple M1 Pro, Unspecified Version)","[-428.7,419.74,1296.74]"
"C7","saved","1","0.417134","f21097f3efc587d4a3e24d97ac51d65b0d7dee4dadbde736f6b14f11ae8e4ab2","/tmp/clouds-preset-contact-metal-20260529-051122/raw/C7_s01.png","21155","1","-47","470","0.4","aces","high","0.75","true","false","100","[3200,1800]","ANGLE (Apple, ANGLE Metal Renderer: Apple M1 Pro, Unspecified Version)","[-294.06,450.8,51.87]"
"C7","saved","2","0.513912","b668113ca3dd1890527d24e326a6cc034b7e0995f26418591ef5151de76bef6e","/tmp/clouds-preset-contact-metal-20260529-051122/raw/C7_s02.png","21155","1","-47","470","0.4","aces","high","0.75","true","false","100","[3200,1800]","ANGLE (Apple, ANGLE Metal Renderer: Apple M1 Pro, Unspecified Version)","[-294.06,450.8,51.87]"
"C7","saved","3","0.403661","daca441a0e9cec5ba9fcdeab7a2d24b16c4473b4ef1ed1d288f61fb1533eb1f7","/tmp/clouds-preset-contact-metal-20260529-051122/raw/C7_s03.png","21155","1","-47","470","0.4","aces","high","0.75","true","false","100","[3200,1800]","ANGLE (Apple, ANGLE Metal Renderer: Apple M1 Pro, Unspecified Version)","[-294.06,450.8,51.87]"
"C7","wide","1","0.224678","939c226fff57f8adaf0de3a5e29f0c1ab9f8188b02e09dde3796714c1795b2a4","/tmp/clouds-preset-contact-metal-20260529-051122/raw/C7_wide.png","21155","1","-47","470","0.4","aces","high","0.75","true","false","100","[3200,1800]","ANGLE (Apple, ANGLE Metal Renderer: Apple M1 Pro, Unspecified Version)","[-1087.71,802.18,557.2]"
"D1","saved","1","0.498365","26d1cdf69f93aa17dbc58e0339613215c3c31e8b9c81a74ef1b2e0e92f7a817d","/tmp/clouds-preset-contact-metal-20260529-051122/raw/D1_s01.png","21155","1","-47","470","0.4","aces","high","0.75","true","false","100","[3200,1800]","ANGLE (Apple, ANGLE Metal Renderer: Apple M1 Pro, Unspecified Version)","[-480.64,109.11,-42.79]"
"D1","saved","2","0.499220","9300c0a714f210a9ef639a655c8c11430a2d29cf3c533972116ef25bbcd56d18","/tmp/clouds-preset-contact-metal-20260529-051122/raw/D1_s02.png","21155","1","-47","470","0.4","aces","high","0.75","true","false","100","[3200,1800]","ANGLE (Apple, ANGLE Metal Renderer: Apple M1 Pro, Unspecified Version)","[-480.64,109.11,-42.79]"
"D1","saved","3","0.486615","43407a49dd325be1edb47f9a2a1a41140b3fc02a9ed5b2be9ad5a5e70261b666","/tmp/clouds-preset-contact-metal-20260529-051122/raw/D1_s03.png","21155","1","-47","470","0.4","aces","high","0.75","true","false","100","[3200,1800]","ANGLE (Apple, ANGLE Metal Renderer: Apple M1 Pro, Unspecified Version)","[-480.64,109.11,-42.79]"
"D1","wide","1","0.629324","a941332e2e8d3829d098167b3256ef9d6cefbbcc069100651a945145fc1a8752","/tmp/clouds-preset-contact-metal-20260529-051122/raw/D1_wide.png","21155","1","-47","470","0.4","aces","high","0.75","true","false","100","[3200,1800]","ANGLE (Apple, ANGLE Metal Renderer: Apple M1 Pro, Unspecified Version)","[-1410.7,157.93,47.65]"
"D2","saved","1","0.693210","ee6390cbf67b2a59bf560889041d7cfa8f6bc81f6fc0b1471e58ea07ea55d92a","/tmp/clouds-preset-contact-metal-20260529-051122/raw/D2_s01.png","21155","1","-57","470","0.33","aces","high","0.75","true","false","100","[3200,1800]","ANGLE (Apple, ANGLE Metal Renderer: Apple M1 Pro, Unspecified Version)","[-480.64,109.11,-42.79]"
"D2","saved","2","0.695348","1de37a4c876e3ab4ba01fff379a32ca225ad06c06cc9b38b4c5efac790cf19ef","/tmp/clouds-preset-contact-metal-20260529-051122/raw/D2_s02.png","21155","1","-57","470","0.33","aces","high","0.75","true","false","100","[3200,1800]","ANGLE (Apple, ANGLE Metal Renderer: Apple M1 Pro, Unspecified Version)","[-480.64,109.11,-42.79]"
"D2","saved","3","0.674644","88255c8c947f02aa2d6af1fa057911f5c8b8610cac02915346a0c5658c7c93b2","/tmp/clouds-preset-contact-metal-20260529-051122/raw/D2_s03.png","21155","1","-57","470","0.33","aces","high","0.75","true","false","100","[3200,1800]","ANGLE (Apple, ANGLE Metal Renderer: Apple M1 Pro, Unspecified Version)","[-480.64,109.11,-42.79]"
"D2","wide","1","0.859511","558fb54e5013effd61c1c56e2d897baeeeb44d93f340e8025a6a3444f53ecce8","/tmp/clouds-preset-contact-metal-20260529-051122/raw/D2_wide.png","21155","1","-57","470","0.33","aces","high","0.75","true","false","100","[3200,1800]","ANGLE (Apple, ANGLE Metal Renderer: Apple M1 Pro, Unspecified Version)","[-1410.7,157.93,47.65]"
"D3","saved","1","0.497144","306ff2584de12900861b46d0b7f1a8fe1fde13b1965437e9973441072c87b375","/tmp/clouds-preset-contact-metal-20260529-051122/raw/D3_s01.png","21155","1","18","470","0.4","aces","high","0.75","true","false","100","[3200,1800]","ANGLE (Apple, ANGLE Metal Renderer: Apple M1 Pro, Unspecified Version)","[360.42,79.03,-803.39]"
"D3","saved","2","0.535349","fdff807b77fc2767b849b72ce557900cfee91f1151a8ac4c661bd0912e7c36d5","/tmp/clouds-preset-contact-metal-20260529-051122/raw/D3_s02.png","21155","1","18","470","0.4","aces","high","0.75","true","false","100","[3200,1800]","ANGLE (Apple, ANGLE Metal Renderer: Apple M1 Pro, Unspecified Version)","[360.42,79.03,-803.39]"
"D3","saved","3","0.545485","77845f674b9e0f57dce046f6cba289a04c0ea5f1bba95fc1196c3cee3a4c7a77","/tmp/clouds-preset-contact-metal-20260529-051122/raw/D3_s03.png","21155","1","18","470","0.4","aces","high","0.75","true","false","100","[3200,1800]","ANGLE (Apple, ANGLE Metal Renderer: Apple M1 Pro, Unspecified Version)","[360.42,79.03,-803.39]"
"D3","wide","1","0.386413","0b02f8e64aa7795d13a6fe21af023f2a3b253e386ed2ab4b25ca99e7619e1038","/tmp/clouds-preset-contact-metal-20260529-051122/raw/D3_wide.png","21155","1","18","470","0.4","aces","high","0.75","true","false","100","[3200,1800]","ANGLE (Apple, ANGLE Metal Renderer: Apple M1 Pro, Unspecified Version)","[167.28,-22.09,-1676.36]"
"D4","saved","1","0.040758","c064c23bd48cdd00f930576fd80bbd4a4777230d1c84db688d31a8d30d7d3870","/tmp/clouds-preset-contact-metal-20260529-051122/raw/D4_s01.png","40625","10","-145.46248867256884","219.3175720007327","0.4","aces","high","0.75","true","false","100","[3200,1800]","ANGLE (Apple, ANGLE Metal Renderer: Apple M1 Pro, Unspecified Version)","[-367.1,98.09,-368.9]"
"D4","saved","2","0.039241","e7d13fc6870fde1c3351e4f3509b70a0f84fdf698c96fe100e6489ea8d89d7e6","/tmp/clouds-preset-contact-metal-20260529-051122/raw/D4_s02.png","40625","10","-145.46248867256884","219.3175720007327","0.4","aces","high","0.75","true","false","100","[3200,1800]","ANGLE (Apple, ANGLE Metal Renderer: Apple M1 Pro, Unspecified Version)","[-367.1,98.09,-368.9]"
"D4","saved","3","0.038717","6f3f2b71f4462660b3d63cfa1ae8eef566d43bfff3d858d7108e8d90f73ebed4","/tmp/clouds-preset-contact-metal-20260529-051122/raw/D4_s03.png","40625","10","-145.46248867256884","219.3175720007327","0.4","aces","high","0.75","true","false","100","[3200,1800]","ANGLE (Apple, ANGLE Metal Renderer: Apple M1 Pro, Unspecified Version)","[-367.1,98.09,-368.9]"
"D4","wide","1","0.046159","42bee5e91d64496e74789abe75d923c6f62c0ff0fe938beb48841f952831afd8","/tmp/clouds-preset-contact-metal-20260529-051122/raw/D4_wide.png","40625","10","-145.46248867256884","219.3175720007327","0.4","aces","high","0.75","true","false","100","[3200,1800]","ANGLE (Apple, ANGLE Metal Renderer: Apple M1 Pro, Unspecified Version)","[-1187.93,290.18,-846.34]"
"D5","saved","1","0.056539","1111b4cb3319429974ecacc1829833be1d045b2bf694c4087164c3783866ee0a","/tmp/clouds-preset-contact-metal-20260529-051122/raw/D5_s01.png","14074","31","-159.589483794465","97.66824773411881","0.4","aces","high","0.75","true","false","100","[3200,1800]","ANGLE (Apple, ANGLE Metal Renderer: Apple M1 Pro, Unspecified Version)","[577.57,218.35,1159.96]"
"D5","saved","2","0.056208","a64ab88b8e49f20381e2a2c5f36ffb2c7a5cc4394b84f0f85da8655cec10b102","/tmp/clouds-preset-contact-metal-20260529-051122/raw/D5_s02.png","14074","31","-159.589483794465","97.66824773411881","0.4","aces","high","0.75","true","false","100","[3200,1800]","ANGLE (Apple, ANGLE Metal Renderer: Apple M1 Pro, Unspecified Version)","[577.57,218.35,1159.96]"
"D5","saved","3","0.054370","e92b464c8cd493e02e2355159ba18c272d940849acc795c7bd99ddc8c1e29f9c","/tmp/clouds-preset-contact-metal-20260529-051122/raw/D5_s03.png","14074","31","-159.589483794465","97.66824773411881","0.4","aces","high","0.75","true","false","100","[3200,1800]","ANGLE (Apple, ANGLE Metal Renderer: Apple M1 Pro, Unspecified Version)","[577.57,218.35,1159.96]"
"D5","wide","1","0.052591","d817797f5305359923a3a062373a43218239ab0dce68ab10588322658f01f44b","/tmp/clouds-preset-contact-metal-20260529-051122/raw/D5_wide.png","14074","31","-159.589483794465","97.66824773411881","0.4","aces","high","0.75","true","false","100","[3200,1800]","ANGLE (Apple, ANGLE Metal Renderer: Apple M1 Pro, Unspecified Version)","[1049.14,570.55,1974]"
"D6","saved","1","0.157281","50f4f60c3e9b25e05b19510ea483c9cb4e37668d9138f4b7fa3eae7ab6a664ce","/tmp/clouds-preset-contact-metal-20260529-051122/raw/D6_s01.png","40625","7","40","340","0.4","aces","high","0.75","true","false","100","[3200,1800]","ANGLE (Apple, ANGLE Metal Renderer: Apple M1 Pro, Unspecified Version)","[-365.75,240.44,-520.26]"
"D6","saved","2","0.148671","96d46f4e652eac02e7600be89a7be51ac177b4ccb6ab1c07332b802cddaca3ae","/tmp/clouds-preset-contact-metal-20260529-051122/raw/D6_s02.png","40625","7","40","340","0.4","aces","high","0.75","true","false","100","[3200,1800]","ANGLE (Apple, ANGLE Metal Renderer: Apple M1 Pro, Unspecified Version)","[-365.75,240.44,-520.26]"
"D6","saved","3","0.159051","cefae179046841569e8ae8dcaec292ee1820d4de5c5a040418781d969a968942","/tmp/clouds-preset-contact-metal-20260529-051122/raw/D6_s03.png","40625","7","40","340","0.4","aces","high","0.75","true","false","100","[3200,1800]","ANGLE (Apple, ANGLE Metal Renderer: Apple M1 Pro, Unspecified Version)","[-365.75,240.44,-520.26]"
"D6","wide","1","0.066002","85a70cd227354f537443476f40f4e6385b32679f0aaaaba9e143f7bf4e62d54f","/tmp/clouds-preset-contact-metal-20260529-051122/raw/D6_wide.png","40625","7","40","340","0.4","aces","high","0.75","true","false","100","[3200,1800]","ANGLE (Apple, ANGLE Metal Renderer: Apple M1 Pro, Unspecified Version)","[-1030.42,560.92,-1191.55]"
"D7","saved","1","0.062187","d84881bdb241290b5bfa1058312390e63a699490c4c51fcdaaca0d3c7f20c287","/tmp/clouds-preset-contact-metal-20260529-051122/raw/D7_s01.png","40625","7","40","340","0.4","aces","high","0.75","true","false","100","[3200,1800]","ANGLE (Apple, ANGLE Metal Renderer: Apple M1 Pro, Unspecified Version)","[-183.14,202.98,57.91]"
"D7","saved","2","0.062827","7a0969894f31451f402b80ec83eceda5409cca90a49584a3c65b35f1c4c1d655","/tmp/clouds-preset-contact-metal-20260529-051122/raw/D7_s02.png","40625","7","40","340","0.4","aces","high","0.75","true","false","100","[3200,1800]","ANGLE (Apple, ANGLE Metal Renderer: Apple M1 Pro, Unspecified Version)","[-183.14,202.98,57.91]"
"D7","saved","3","0.040389","58bd62e9242c6245b3c279e172edeb197aa54d0aad0ad26abd4b982c775465b1","/tmp/clouds-preset-contact-metal-20260529-051122/raw/D7_s03.png","40625","7","40","340","0.4","aces","high","0.75","true","false","100","[3200,1800]","ANGLE (Apple, ANGLE Metal Renderer: Apple M1 Pro, Unspecified Version)","[-183.14,202.98,57.91]"
"D7","wide","1","0.059170","33da072c701f729a5e8642e3ea0b70b4f46273765501e0289303f4b46ffa1ea4","/tmp/clouds-preset-contact-metal-20260529-051122/raw/D7_wide.png","40625","7","40","340","0.4","aces","high","0.75","true","false","100","[3200,1800]","ANGLE (Apple, ANGLE Metal Renderer: Apple M1 Pro, Unspecified Version)","[-1030.17,365.14,-368.35]"
"E1","saved","1","0.021712","c0ae57e20ee40b35ffca6142fb2ac04b225d66b3e6f2ff68b80c798ac6d2a3fe","/tmp/clouds-preset-contact-metal-20260529-051122/raw/E1_s01.png","64916","17.5","117","280","0.38","aces","high","0.75","true","false","100","[3200,1800]","ANGLE (Apple, ANGLE Metal Renderer: Apple M1 Pro, Unspecified Version)","[-1010.35,332.56,832.33]"
"E1","saved","2","0.022754","24d43e8dd2c0ad6323441699c9d838d81d67287f9eff53da7fca414de3595c3e","/tmp/clouds-preset-contact-metal-20260529-051122/raw/E1_s02.png","64916","17.5","117","280","0.38","aces","high","0.75","true","false","100","[3200,1800]","ANGLE (Apple, ANGLE Metal Renderer: Apple M1 Pro, Unspecified Version)","[-1010.35,332.56,832.33]"
"E1","saved","3","0.022502","dfa93ab0121437e83781a53fd6aa0cc124c80be6a56f4db3e004c792ae8b5c6a","/tmp/clouds-preset-contact-metal-20260529-051122/raw/E1_s03.png","64916","17.5","117","280","0.38","aces","high","0.75","true","false","100","[3200,1800]","ANGLE (Apple, ANGLE Metal Renderer: Apple M1 Pro, Unspecified Version)","[-1010.35,332.56,832.33]"
"E1","wide","1","0.091240","f698b42d5faf2f0097f76e3ac27df44a27f81df8faadb77557580392e38ffa77","/tmp/clouds-preset-contact-metal-20260529-051122/raw/E1_wide.png","64916","17.5","117","280","0.38","aces","high","0.75","true","false","100","[3200,1800]","ANGLE (Apple, ANGLE Metal Renderer: Apple M1 Pro, Unspecified Version)","[-1647.46,857.81,1467.49]"
"E2","saved","1","0.017611","e029761980dcda8fee86f9e50dfa2be99952246230f0384789251be883817e04","/tmp/clouds-preset-contact-metal-20260529-051122/raw/E2_s01.png","64916","17.5","117","280","0.38","neutral","high","0.75","true","false","100","[3200,1800]","ANGLE (Apple, ANGLE Metal Renderer: Apple M1 Pro, Unspecified Version)","[-1010.35,332.56,832.33]"
"E2","saved","2","0.018699","f6d04fe5616f663d124436579f28290cf2e2fc1aa64f0e5336a9aa79faa699af","/tmp/clouds-preset-contact-metal-20260529-051122/raw/E2_s02.png","64916","17.5","117","280","0.38","neutral","high","0.75","true","false","100","[3200,1800]","ANGLE (Apple, ANGLE Metal Renderer: Apple M1 Pro, Unspecified Version)","[-1010.35,332.56,832.33]"
"E2","saved","3","0.018286","81aa6da1fe553fc016854bf4123483932605fb4faf8f3ce317520dc3cc54d457","/tmp/clouds-preset-contact-metal-20260529-051122/raw/E2_s03.png","64916","17.5","117","280","0.38","neutral","high","0.75","true","false","100","[3200,1800]","ANGLE (Apple, ANGLE Metal Renderer: Apple M1 Pro, Unspecified Version)","[-1010.35,332.56,832.33]"
"E2","wide","1","0.097748","f839916b40dd88d5e60696006c45e4f2df8f1f60f4f8ad76fa514f22eb8aa6a9","/tmp/clouds-preset-contact-metal-20260529-051122/raw/E2_wide.png","64916","17.5","117","280","0.38","neutral","high","0.75","true","false","100","[3200,1800]","ANGLE (Apple, ANGLE Metal Renderer: Apple M1 Pro, Unspecified Version)","[-1647.46,857.81,1467.49]"
"E3","saved","1","0.027825","d9380bff7869aaac773ac734121dc4a091758c95e0883fc5d0db224c78554ddb","/tmp/clouds-preset-contact-metal-20260529-051122/raw/E3_s01.png","64916","58","117","280","0.52","aces","high","0.75","true","false","100","[3200,1800]","ANGLE (Apple, ANGLE Metal Renderer: Apple M1 Pro, Unspecified Version)","[218.99,356.54,1124.12]"
"E3","saved","2","0.026324","c9ab5f931bf8cfa57a232afaa795161fbba815742910b3d52e6bdb9ededd8174","/tmp/clouds-preset-contact-metal-20260529-051122/raw/E3_s02.png","64916","58","117","280","0.52","aces","high","0.75","true","false","100","[3200,1800]","ANGLE (Apple, ANGLE Metal Renderer: Apple M1 Pro, Unspecified Version)","[218.99,356.54,1124.12]"
"E3","saved","3","0.027597","8651014d020c9688aacb840b616eb47f4382552e49835a880df7bec43cb53ef5","/tmp/clouds-preset-contact-metal-20260529-051122/raw/E3_s03.png","64916","58","117","280","0.52","aces","high","0.75","true","false","100","[3200,1800]","ANGLE (Apple, ANGLE Metal Renderer: Apple M1 Pro, Unspecified Version)","[218.99,356.54,1124.12]"
"E3","wide","1","0.021852","9f12ee7e5aa089a517ed1e143b8f75c7ad7fe3378b4875d6015486a99f4bfa65","/tmp/clouds-preset-contact-metal-20260529-051122/raw/E3_wide.png","64916","58","117","280","0.52","aces","high","0.75","true","false","100","[3200,1800]","ANGLE (Apple, ANGLE Metal Renderer: Apple M1 Pro, Unspecified Version)","[519.19,756.7,2007.25]"
"E4","saved","1","0.017283","0f1ef8a4fd8a815d85c7399acb008ced15531e2127501ec3f91dbdb13b4a33a5","/tmp/clouds-preset-contact-metal-20260529-051122/raw/E4_s01.png","64916","48.5","117","280","0.52","aces","high","0.75","true","false","100","[3200,1800]","ANGLE (Apple, ANGLE Metal Renderer: Apple M1 Pro, Unspecified Version)","[-1160.29,320.55,647.96]"
"E4","saved","2","0.017272","480f8023a768a00650bf561224721ed6d98169863bb4e8c9a818ffd6380ad01e","/tmp/clouds-preset-contact-metal-20260529-051122/raw/E4_s02.png","64916","48.5","117","280","0.52","aces","high","0.75","true","false","100","[3200,1800]","ANGLE (Apple, ANGLE Metal Renderer: Apple M1 Pro, Unspecified Version)","[-1160.29,320.55,647.96]"
"E4","saved","3","0.017276","56c27316b14f5137e9b9ffa4adca9dc9a61d2de814772842c6b53630ec7c3edb","/tmp/clouds-preset-contact-metal-20260529-051122/raw/E4_s03.png","64916","48.5","117","280","0.52","aces","high","0.75","true","false","100","[3200,1800]","ANGLE (Apple, ANGLE Metal Renderer: Apple M1 Pro, Unspecified Version)","[-1160.29,320.55,647.96]"
"E4","wide","1","0.010189","bd126a171eb5d9fa6783437185dddfdf03b887bf75dabe681dbf237b69868e5e","/tmp/clouds-preset-contact-metal-20260529-051122/raw/E4_wide.png","64916","48.5","117","280","0.52","aces","high","0.75","true","false","100","[3200,1800]","ANGLE (Apple, ANGLE Metal Renderer: Apple M1 Pro, Unspecified Version)","[-1916.47,919.32,1080.66]"
"E5","saved","1","0.016720","afb8290759adce61b2d79674a5e4a4d84b2b610b6b1a46bf58d5d19686c102a6","/tmp/clouds-preset-contact-metal-20260529-051122/raw/E5_s01.png","64916","48.5","117","280","0.45","aces","high","1","true","false","100","[3200,1800]","ANGLE (Apple, ANGLE Metal Renderer: Apple M1 Pro, Unspecified Version)","[-1046.96,315.94,791.32]"
"E5","saved","2","0.016408","d42b79b06c7aaa23102f7ac6f7d469f466de62974d024080eeb3fbcc5e046785","/tmp/clouds-preset-contact-metal-20260529-051122/raw/E5_s02.png","64916","48.5","117","280","0.45","aces","high","1","true","false","100","[3200,1800]","ANGLE (Apple, ANGLE Metal Renderer: Apple M1 Pro, Unspecified Version)","[-1046.96,315.94,791.32]"
"E5","saved","3","0.017549","da37d4d37864874072bc8b1a5a906feac06060b47c71bffbd0da8989f1dc237c","/tmp/clouds-preset-contact-metal-20260529-051122/raw/E5_s03.png","64916","48.5","117","280","0.45","aces","high","1","true","false","100","[3200,1800]","ANGLE (Apple, ANGLE Metal Renderer: Apple M1 Pro, Unspecified Version)","[-1046.96,315.94,791.32]"
"E5","wide","1","0.053482","50b8e1e39b896ee9384729497dcdf053fb6223fe408e44526fe6a3730e5b4332","/tmp/clouds-preset-contact-metal-20260529-051122/raw/E5_wide.png","64916","48.5","117","280","0.45","aces","high","1","true","false","100","[3200,1800]","ANGLE (Apple, ANGLE Metal Renderer: Apple M1 Pro, Unspecified Version)","[-1718.11,829.4,1396.26]"
"E6","saved","1","0.460028","1463f80030ad0c5c69d7b44ff06a2af9a7846afa2985b25a39373ad906926a01","/tmp/clouds-preset-contact-metal-20260529-051122/raw/E6_s01.png","53581","1","-142","320","0.4","aces","high","0.75","true","false","100","[3200,1800]","ANGLE (Apple, ANGLE Metal Renderer: Apple M1 Pro, Unspecified Version)","[772.68,288.65,335.42]"
"E6","saved","2","0.550220","eb8020bc0712b285b77135fd07de615ecb0cddb44c3b674380f97a3605245a3a","/tmp/clouds-preset-contact-metal-20260529-051122/raw/E6_s02.png","53581","1","-142","320","0.4","aces","high","0.75","true","false","100","[3200,1800]","ANGLE (Apple, ANGLE Metal Renderer: Apple M1 Pro, Unspecified Version)","[772.68,288.65,335.42]"
"E6","saved","3","0.433974","2c11149afd857b142dbfdea3d83b3482d009d463897a0a41d39963882370eef7","/tmp/clouds-preset-contact-metal-20260529-051122/raw/E6_s03.png","53581","1","-142","320","0.4","aces","high","0.75","true","false","100","[3200,1800]","ANGLE (Apple, ANGLE Metal Renderer: Apple M1 Pro, Unspecified Version)","[772.68,288.65,335.42]"
"E6","wide","1","0.411044","5ce1b3c2b112c10db06a07b97da790bb3cbedf9b1b4821ea0426eface4c2a9eb","/tmp/clouds-preset-contact-metal-20260529-051122/raw/E6_wide.png","53581","1","-142","320","0.4","aces","high","0.75","true","false","100","[3200,1800]","ANGLE (Apple, ANGLE Metal Renderer: Apple M1 Pro, Unspecified Version)","[1584.5,626.58,814.53]"
"E7","saved","1","0.451853","538db0118609d5d942182a5d12fb3c5308b4efc80fed33f25c3602030020f533","/tmp/clouds-preset-contact-metal-20260529-051122/raw/E7_s01.png","53581","1","-142","320","0.4","aces","high","0.75","true","false","100","[3200,1800]","ANGLE (Apple, ANGLE Metal Renderer: Apple M1 Pro, Unspecified Version)","[468.56,368.46,128.7]"
"E7","saved","2","0.573080","d0f9323c8b5ac0283fced114945eb896c61adfa2dafcfab35f58361edd18775d","/tmp/clouds-preset-contact-metal-20260529-051122/raw/E7_s02.png","53581","1","-142","320","0.4","aces","high","0.75","true","false","100","[3200,1800]","ANGLE (Apple, ANGLE Metal Renderer: Apple M1 Pro, Unspecified Version)","[468.56,368.46,128.7]"
"E7","saved","3","0.454392","798a76fbbc8c17b9644fcff02a4a2bef54e4e52ffa40203f06e5e4c9b75d9997","/tmp/clouds-preset-contact-metal-20260529-051122/raw/E7_s03.png","53581","1","-142","320","0.4","aces","high","0.75","true","false","100","[3200,1800]","ANGLE (Apple, ANGLE Metal Renderer: Apple M1 Pro, Unspecified Version)","[468.56,368.46,128.7]"
"E7","wide","1","0.345716","2c1d6dfff392fd11cc4faafff70e63e245f854067ad343b9eda634ec472b4942","/tmp/clouds-preset-contact-metal-20260529-051122/raw/E7_wide.png","53581","1","-142","320","0.4","aces","high","0.75","true","false","100","[3200,1800]","ANGLE (Apple, ANGLE Metal Renderer: Apple M1 Pro, Unspecified Version)","[1210.62,777.2,691.04]"
"F1","saved","1","0.120201","30d23ea32012b17be4d54ab139ffd5b3e95ea53bc946f3c270ba56a1ad25ef4f","/tmp/clouds-preset-contact-metal-20260529-051122/raw/F1_s01.png","14074","2","-63","97.66824773411881","0.4","aces","high","0.75","true","false","100","[3200,1800]","ANGLE (Apple, ANGLE Metal Renderer: Apple M1 Pro, Unspecified Version)","[648.96,78.37,93.65]"
"F1","saved","2","0.126537","3616d68dfcb4f4d7c5dbd6dedc08be28f1734103b4b8590dd549092dd69452b8","/tmp/clouds-preset-contact-metal-20260529-051122/raw/F1_s02.png","14074","2","-63","97.66824773411881","0.4","aces","high","0.75","true","false","100","[3200,1800]","ANGLE (Apple, ANGLE Metal Renderer: Apple M1 Pro, Unspecified Version)","[648.96,78.37,93.65]"
"F1","saved","3","0.158493","968d73e3353a2e5e29d65d1028163238234ca849792a1cb3c458bd6be7ca5518","/tmp/clouds-preset-contact-metal-20260529-051122/raw/F1_s03.png","14074","2","-63","97.66824773411881","0.4","aces","high","0.75","true","false","100","[3200,1800]","ANGLE (Apple, ANGLE Metal Renderer: Apple M1 Pro, Unspecified Version)","[648.96,78.37,93.65]"
"F1","wide","1","0.199884","46194577fccce39267504a5f32e9dee4440786b067b93e81a612379497165535","/tmp/clouds-preset-contact-metal-20260529-051122/raw/F1_wide.png","14074","2","-63","97.66824773411881","0.4","aces","high","0.75","true","false","100","[3200,1800]","ANGLE (Apple, ANGLE Metal Renderer: Apple M1 Pro, Unspecified Version)","[1211.66,211.37,-666.81]"
"F2","saved","1","0.088038","c144c96bbfa3c9cd4eb30fd8284c6122e13d5aee8df52f6b89541acabd802995","/tmp/clouds-preset-contact-metal-20260529-051122/raw/F2_s01.png","14074","2","-63","97.66824773411881","0.4","aces","high","0.75","true","false","100","[3200,1800]","ANGLE (Apple, ANGLE Metal Renderer: Apple M1 Pro, Unspecified Version)","[667.6,67.7,57.39]"
"F2","saved","2","0.090364","dc180eb2c7de7e8d70ada8176ba6a55fc9db6f484e53164ffe1f9f95bbd4d41a","/tmp/clouds-preset-contact-metal-20260529-051122/raw/F2_s02.png","14074","2","-63","97.66824773411881","0.4","aces","high","0.75","true","false","100","[3200,1800]","ANGLE (Apple, ANGLE Metal Renderer: Apple M1 Pro, Unspecified Version)","[667.6,67.7,57.39]"
"F2","saved","3","0.095591","799eb4c9c74006e0cd5ec968388f7494df7075ad1381c3a5acfcd21466c704c9","/tmp/clouds-preset-contact-metal-20260529-051122/raw/F2_s03.png","14074","2","-63","97.66824773411881","0.4","aces","high","0.75","true","false","100","[3200,1800]","ANGLE (Apple, ANGLE Metal Renderer: Apple M1 Pro, Unspecified Version)","[667.6,67.7,57.39]"
"F2","wide","1","0.110612","1acd575dd29f6ab676840329eeefdde7df5dbdde2ce0346438d027a3190e9197","/tmp/clouds-preset-contact-metal-20260529-051122/raw/F2_wide.png","14074","2","-63","97.66824773411881","0.4","aces","high","0.75","true","false","100","[3200,1800]","ANGLE (Apple, ANGLE Metal Renderer: Apple M1 Pro, Unspecified Version)","[1044.95,-32.02,-753.71]"
"F3","saved","1","0.052019","67ea032af457ed14684c06a236bcb815c887d6911eb38e77ad3ae8b0a9baab61","/tmp/clouds-preset-contact-metal-20260529-051122/raw/F3_s01.png","14074","17","-63","97.66824773411881","0.4","aces","high","0.75","true","false","100","[3200,1800]","ANGLE (Apple, ANGLE Metal Renderer: Apple M1 Pro, Unspecified Version)","[670.47,86.8,135.07]"
"F3","saved","2","0.049168","9d9b1fb93258eb5c703a3d9c00543d322fd3433fd0117bf38d041b26c8ead30f","/tmp/clouds-preset-contact-metal-20260529-051122/raw/F3_s02.png","14074","17","-63","97.66824773411881","0.4","aces","high","0.75","true","false","100","[3200,1800]","ANGLE (Apple, ANGLE Metal Renderer: Apple M1 Pro, Unspecified Version)","[670.47,86.8,135.07]"
"F3","saved","3","0.048106","5503f7b8bae1bcd17c38c13b0d71e24f6957f0f2cecf2a16b432860449cd199f","/tmp/clouds-preset-contact-metal-20260529-051122/raw/F3_s03.png","14074","17","-63","97.66824773411881","0.4","aces","high","0.75","true","false","100","[3200,1800]","ANGLE (Apple, ANGLE Metal Renderer: Apple M1 Pro, Unspecified Version)","[670.47,86.8,135.07]"
"F3","wide","1","0.048356","fd05dc08e1a0a93ce9c54aa6b003101d08e51152a784d1a248f2fac98af51870","/tmp/clouds-preset-contact-metal-20260529-051122/raw/F3_wide.png","14074","17","-63","97.66824773411881","0.4","aces","high","0.75","true","false","100","[3200,1800]","ANGLE (Apple, ANGLE Metal Renderer: Apple M1 Pro, Unspecified Version)","[1355.01,-70.72,-404.73]"
"F4","saved","1","0.050045","c53fd6cef708b67ac45275e0668e4c6ec4981a0327ce3a4545bd6b52c5e82157","/tmp/clouds-preset-contact-metal-20260529-051122/raw/F4_s01.png","14074","30.52673707896446","-6.35528123407596","224.7146969018488","0.4","aces","high","0.75","true","false","100","[3200,1800]","ANGLE (Apple, ANGLE Metal Renderer: Apple M1 Pro, Unspecified Version)","[202.85,70.6,346.7]"
"F4","saved","2","0.046824","70ecc271ea687797ceff46e18e34f11fdcc7bce6cd75d16666e760af6e2b81ab","/tmp/clouds-preset-contact-metal-20260529-051122/raw/F4_s02.png","14074","30.52673707896446","-6.35528123407596","224.7146969018488","0.4","aces","high","0.75","true","false","100","[3200,1800]","ANGLE (Apple, ANGLE Metal Renderer: Apple M1 Pro, Unspecified Version)","[202.85,70.6,346.7]"
"F4","saved","3","0.046024","622b3c73751f3afaabd3d32f4e49793d1c0ad8f26879e0fd448f2c9cefb8aeef","/tmp/clouds-preset-contact-metal-20260529-051122/raw/F4_s03.png","14074","30.52673707896446","-6.35528123407596","224.7146969018488","0.4","aces","high","0.75","true","false","100","[3200,1800]","ANGLE (Apple, ANGLE Metal Renderer: Apple M1 Pro, Unspecified Version)","[202.85,70.6,346.7]"
"F4","wide","1","0.054417","6a1f6207997b2f31ffa3147fad80b98a6fbe8b0a13bb205edea7dfaca39f53c7","/tmp/clouds-preset-contact-metal-20260529-051122/raw/F4_wide.png","14074","30.52673707896446","-6.35528123407596","224.7146969018488","0.4","aces","high","0.75","true","false","100","[3200,1800]","ANGLE (Apple, ANGLE Metal Renderer: Apple M1 Pro, Unspecified Version)","[943.57,-107.59,788.6]"
"F5","saved","1","0.086955","3a4018fe3fd4ce5253f8423f9b7c70d68464cc667d7c363333f0bab31f96b2ca","/tmp/clouds-preset-contact-metal-20260529-051122/raw/F5_s01.png","24196","5","68","240","0.4","aces","high","0.75","true","false","100","[3200,1800]","ANGLE (Apple, ANGLE Metal Renderer: Apple M1 Pro, Unspecified Version)","[-174.88,97.89,218.96]"
"F5","saved","2","0.131376","e71584590ccc1c51773d6008a06af50c4ca6f501fc7bb833e4abf6af504cace7","/tmp/clouds-preset-contact-metal-20260529-051122/raw/F5_s02.png","24196","5","68","240","0.4","aces","high","0.75","true","false","100","[3200,1800]","ANGLE (Apple, ANGLE Metal Renderer: Apple M1 Pro, Unspecified Version)","[-174.88,97.89,218.96]"
"F5","saved","3","0.140429","fe84d7c19eb853ac07c4280b4e6575f58fe717e5926421f4a57302315d7b73ab","/tmp/clouds-preset-contact-metal-20260529-051122/raw/F5_s03.png","24196","5","68","240","0.4","aces","high","0.75","true","false","100","[3200,1800]","ANGLE (Apple, ANGLE Metal Renderer: Apple M1 Pro, Unspecified Version)","[-174.88,97.89,218.96]"
"F5","wide","1","0.108935","375e95b8ca3ea004a51cace3d22b10bfa854bb79715224151bc89512be21b66b","/tmp/clouds-preset-contact-metal-20260529-051122/raw/F5_wide.png","24196","5","68","240","0.4","aces","high","0.75","true","false","100","[3200,1800]","ANGLE (Apple, ANGLE Metal Renderer: Apple M1 Pro, Unspecified Version)","[-582.67,165.31,-625.39]"
"G1","saved","1","0.227308","be4136bd556531e26782b9edc058cbf63158dc873b6d3209e63425715e718f68","/tmp/clouds-preset-contact-metal-20260529-051122/raw/G1_s01.png","81790","4.5","-180","320","0.4","aces","high","0.75","true","false","100","[3200,1800]","ANGLE (Apple, ANGLE Metal Renderer: Apple M1 Pro, Unspecified Version)","[437.9,184.64,428.06]"
"G1","saved","2","0.263364","f056228eb13c8d0c387b722a62c31607564f0adc13c45b03465a67c39c86ae79","/tmp/clouds-preset-contact-metal-20260529-051122/raw/G1_s02.png","81790","4.5","-180","320","0.4","aces","high","0.75","true","false","100","[3200,1800]","ANGLE (Apple, ANGLE Metal Renderer: Apple M1 Pro, Unspecified Version)","[437.9,184.64,428.06]"
"G1","saved","3","0.238821","9ab0644aa466c7f039da7d3010837f463d6406e819f8bcc850569c8e4cde5eb9","/tmp/clouds-preset-contact-metal-20260529-051122/raw/G1_s03.png","81790","4.5","-180","320","0.4","aces","high","0.75","true","false","100","[3200,1800]","ANGLE (Apple, ANGLE Metal Renderer: Apple M1 Pro, Unspecified Version)","[437.9,184.64,428.06]"
"G1","wide","1","0.189739","baf63d1243671136d07c2eac8bcbe1a84369dd9bd340b4f967d7fde69cea117e","/tmp/clouds-preset-contact-metal-20260529-051122/raw/G1_wide.png","81790","4.5","-180","320","0.4","aces","high","0.75","true","false","100","[3200,1800]","ANGLE (Apple, ANGLE Metal Renderer: Apple M1 Pro, Unspecified Version)","[1319.47,421.15,781.72]"
"G2","saved","1","0.195065","dfc2623757d1e74e2546fd7bcfe98e82d0e1097ff11d2ab8fbf5f7752d135ffb","/tmp/clouds-preset-contact-metal-20260529-051122/raw/G2_s01.png","81790","4.5","-180","320","0.4","aces","high","0.75","true","false","100","[3200,1800]","ANGLE (Apple, ANGLE Metal Renderer: Apple M1 Pro, Unspecified Version)","[311.87,203.04,211.31]"
"G2","saved","2","0.221972","29d53fbb5ce350a2f5509f83cc4390533a504ca287cf6f4280cd0a3a722c6a51","/tmp/clouds-preset-contact-metal-20260529-051122/raw/G2_s02.png","81790","4.5","-180","320","0.4","aces","high","0.75","true","false","100","[3200,1800]","ANGLE (Apple, ANGLE Metal Renderer: Apple M1 Pro, Unspecified Version)","[311.87,203.04,211.31]"
"G2","saved","3","0.194848","49433cb1c92890a73801acd8166879aab72dce5ffea8b7b7ff7f9e6a6186b522","/tmp/clouds-preset-contact-metal-20260529-051122/raw/G2_s03.png","81790","4.5","-180","320","0.4","aces","high","0.75","true","false","100","[3200,1800]","ANGLE (Apple, ANGLE Metal Renderer: Apple M1 Pro, Unspecified Version)","[311.87,203.04,211.31]"
"G2","wide","1","0.131653","051e07750b076d14868620ed480d94752414a8c7ddf80ca0e7142794a3aedc63","/tmp/clouds-preset-contact-metal-20260529-051122/raw/G2_wide.png","81790","4.5","-180","320","0.4","aces","high","0.75","true","false","100","[3200,1800]","ANGLE (Apple, ANGLE Metal Renderer: Apple M1 Pro, Unspecified Version)","[1189.66,361.76,569.39]"
"G3","saved","1","0.191308","dc9b13837d256c5b2610596ce4ffdbfb153aeffdff24cd948c6469963290a759","/tmp/clouds-preset-contact-metal-20260529-051122/raw/G3_s01.png","81790","4.5","-180","320","0.4","aces","high","0.75","true","false","100","[3200,1800]","ANGLE (Apple, ANGLE Metal Renderer: Apple M1 Pro, Unspecified Version)","[311.87,203.04,211.31]"
"G3","saved","2","0.219141","e167ed697fbb4359b96de14785baad0bf1cf58e9b1f5d4d7514da3212229db57","/tmp/clouds-preset-contact-metal-20260529-051122/raw/G3_s02.png","81790","4.5","-180","320","0.4","aces","high","0.75","true","false","100","[3200,1800]","ANGLE (Apple, ANGLE Metal Renderer: Apple M1 Pro, Unspecified Version)","[311.87,203.04,211.31]"
"G3","saved","3","0.192093","03bc27a19f031f8f236e55ff7159c2d581a9d251dbdd2a743b40b57c38395a08","/tmp/clouds-preset-contact-metal-20260529-051122/raw/G3_s03.png","81790","4.5","-180","320","0.4","aces","high","0.75","true","false","100","[3200,1800]","ANGLE (Apple, ANGLE Metal Renderer: Apple M1 Pro, Unspecified Version)","[311.87,203.04,211.31]"
"G3","wide","1","0.133122","47873e034b2f767ae98c71b1f2f876bb1649ae32a64610e1e31cae844e9e9439","/tmp/clouds-preset-contact-metal-20260529-051122/raw/G3_wide.png","81790","4.5","-180","320","0.4","aces","high","0.75","true","false","100","[3200,1800]","ANGLE (Apple, ANGLE Metal Renderer: Apple M1 Pro, Unspecified Version)","[1189.66,361.76,569.39]"
"G4","saved","1","0.168449","07343c4e900099c41f40b8db5c2bef0621e41ec657d1faddd57597a71d5237bf","/tmp/clouds-preset-contact-metal-20260529-051122/raw/G4_s01.png","81790","4.5","-180","320","0.4","aces","high","0.75","true","false","100","[3200,1800]","ANGLE (Apple, ANGLE Metal Renderer: Apple M1 Pro, Unspecified Version)","[81.87,301.72,-33.8]"
"G4","saved","2","0.180588","44da8439bbebb51ab92095ca01e80c3a77017f8bad2f8d99bdd3eaf20b424393","/tmp/clouds-preset-contact-metal-20260529-051122/raw/G4_s02.png","81790","4.5","-180","320","0.4","aces","high","0.75","true","false","100","[3200,1800]","ANGLE (Apple, ANGLE Metal Renderer: Apple M1 Pro, Unspecified Version)","[81.87,301.72,-33.8]"
"G4","saved","3","0.153507","f98d9274bd3452757cef94cae29e713c49d5421c4940ff5983b79d0855feca84","/tmp/clouds-preset-contact-metal-20260529-051122/raw/G4_s03.png","81790","4.5","-180","320","0.4","aces","high","0.75","true","false","100","[3200,1800]","ANGLE (Apple, ANGLE Metal Renderer: Apple M1 Pro, Unspecified Version)","[81.87,301.72,-33.8]"
"G4","wide","1","0.104014","a881ce3781b5e0e0d47a32c85d3b4d60f4a0ebff4db7f8a65c9040e42c222426","/tmp/clouds-preset-contact-metal-20260529-051122/raw/G4_wide.png","81790","4.5","-180","320","0.4","aces","high","0.75","true","false","100","[3200,1800]","ANGLE (Apple, ANGLE Metal Renderer: Apple M1 Pro, Unspecified Version)","[974.2,468.13,-355.34]"
"H1","saved","1","0.114658","6766ec53894cddb56ff7601536630f395fb11e63a610c5128af4826aa8d53426","/tmp/clouds-preset-contact-metal-20260529-051122/raw/H1_s01.png","64916","7","-111","470","0.4","aces","high","0.75","true","false","100","[3200,1800]","ANGLE (Apple, ANGLE Metal Renderer: Apple M1 Pro, Unspecified Version)","[-809.73,202.11,792.85]"
"H1","saved","2","0.166421","7d9dc72c04c28c96d9108134975fa56e71ce59cb5656997f8dad9bde7e35c1f8","/tmp/clouds-preset-contact-metal-20260529-051122/raw/H1_s02.png","64916","7","-111","470","0.4","aces","high","0.75","true","false","100","[3200,1800]","ANGLE (Apple, ANGLE Metal Renderer: Apple M1 Pro, Unspecified Version)","[-809.73,202.11,792.85]"
"H1","saved","3","0.118516","7e861e551c28bac7177a177f372d259ce8070020d02d1189c5366c6b58b71957","/tmp/clouds-preset-contact-metal-20260529-051122/raw/H1_s03.png","64916","7","-111","470","0.4","aces","high","0.75","true","false","100","[3200,1800]","ANGLE (Apple, ANGLE Metal Renderer: Apple M1 Pro, Unspecified Version)","[-809.73,202.11,792.85]"
"H1","wide","1","0.051916","c0e61d00a15275247664ee2835d24914100e221d133dae14359a5928683477b6","/tmp/clouds-preset-contact-metal-20260529-051122/raw/H1_wide.png","64916","7","-111","470","0.4","aces","high","0.75","true","false","100","[3200,1800]","ANGLE (Apple, ANGLE Metal Renderer: Apple M1 Pro, Unspecified Version)","[-1201.82,617.83,1635.74]"
"H2","saved","1","0.126273","e0e3c0fb79943a39ed6f8f2dfd0770d55b936abde0fe034563905845301c7d23","/tmp/clouds-preset-contact-metal-20260529-051122/raw/H2_s01.png","64916","7","-111","470","0.4","aces","high","0.75","true","false","100","[3200,1800]","ANGLE (Apple, ANGLE Metal Renderer: Apple M1 Pro, Unspecified Version)","[-823.57,222.44,823.63]"
"H2","saved","2","0.178522","4c6c76742968cb5f6ffb4634e85c143853799c89a8d78df8b43af067a8d2fdca","/tmp/clouds-preset-contact-metal-20260529-051122/raw/H2_s02.png","64916","7","-111","470","0.4","aces","high","0.75","true","false","100","[3200,1800]","ANGLE (Apple, ANGLE Metal Renderer: Apple M1 Pro, Unspecified Version)","[-823.57,222.44,823.63]"
"H2","saved","3","0.091858","a3b9a73115bb98fbbbae6e73a1b2b2b36907ca54708f8f0dcb195e13e08f9749","/tmp/clouds-preset-contact-metal-20260529-051122/raw/H2_s03.png","64916","7","-111","470","0.4","aces","high","0.75","true","false","100","[3200,1800]","ANGLE (Apple, ANGLE Metal Renderer: Apple M1 Pro, Unspecified Version)","[-823.57,222.44,823.63]"
"H2","wide","1","0.054746","0d70322501a75783ac4bfea29a9d9fce7c934926f897484525aeb61d3f917102","/tmp/clouds-preset-contact-metal-20260529-051122/raw/H2_wide.png","64916","7","-111","470","0.4","aces","high","0.75","true","false","100","[3200,1800]","ANGLE (Apple, ANGLE Metal Renderer: Apple M1 Pro, Unspecified Version)","[-1235.32,552.82,1672.61]"
"H3","saved","1","0.378817","b074658a188889575e916c09dd7bf4d324cdd780a2100765c201ee6a0e750e1b","/tmp/clouds-preset-contact-metal-20260529-051122/raw/H3_s01.png","14074","0","-111","360","0.4","aces","high","0.75","true","false","100","[3200,1800]","ANGLE (Apple, ANGLE Metal Renderer: Apple M1 Pro, Unspecified Version)","[800.7,150.8,1118.8]"
"H3","saved","2","0.465104","8b58672d1105f377215cd16adabd803ecc961f8964e07e2c20b8cf9a521e12bf","/tmp/clouds-preset-contact-metal-20260529-051122/raw/H3_s02.png","14074","0","-111","360","0.4","aces","high","0.75","true","false","100","[3200,1800]","ANGLE (Apple, ANGLE Metal Renderer: Apple M1 Pro, Unspecified Version)","[800.7,150.8,1118.8]"
"H3","saved","3","0.294493","19a6d4876cd9a700107be25a2431c947cc0f3103ca5a19ffe99a28790c8d4dc9","/tmp/clouds-preset-contact-metal-20260529-051122/raw/H3_s03.png","14074","0","-111","360","0.4","aces","high","0.75","true","false","100","[3200,1800]","ANGLE (Apple, ANGLE Metal Renderer: Apple M1 Pro, Unspecified Version)","[800.7,150.8,1118.8]"
"H3","wide","1","0.285276","efcc59b332a1498b60648ec38ce5debb1bf11ff6e5a305d78fd238c39bbf8cff","/tmp/clouds-preset-contact-metal-20260529-051122/raw/H3_wide.png","14074","0","-111","360","0.4","aces","high","0.75","true","false","100","[3200,1800]","ANGLE (Apple, ANGLE Metal Renderer: Apple M1 Pro, Unspecified Version)","[1348.39,428.04,1892.92]"
